kind(disease/med),id,count,sample_names,origins(if detectable)
disease,anemia-ferropriva,3,Anemia Ferropriva,darwin-MFC/lib/data/doencas/adicionais.ts | darwin-MFC/lib/data/doencas/expansao-ultima.ts | darwin-MFC/lib/data/doencas/hematologicas.ts | darwin-MFC/lib/data/doencas/index.ts#default | darwin-MFC/lib/data/doencas/index.ts#doencasConsolidadas | darwin-MFC/lib/data/doencas/index.ts#todasDoencas
disease,doenca-parkinson,3,Doença de Parkinson,darwin-MFC/lib/data/doencas/expansao-sota-avancada.ts | darwin-MFC/lib/data/doencas/index.ts#default | darwin-MFC/lib/data/doencas/index.ts#doencasConsolidadas | darwin-MFC/lib/data/doencas/index.ts#todasDoencas | darwin-MFC/lib/data/doencas/neurologicas.ts | darwin-MFC/lib/data/doencas/neurologicas/expansao-neurologia.ts
disease,fibromialgia,3,Fibromialgia,darwin-MFC/lib/data/doencas/adicionais.ts | darwin-MFC/lib/data/doencas/expansao-sota-avancada.ts | darwin-MFC/lib/data/doencas/index.ts#default | darwin-MFC/lib/data/doencas/index.ts#doencasConsolidadas | darwin-MFC/lib/data/doencas/index.ts#todasDoencas | darwin-MFC/lib/data/doencas/musculoesqueleticas.ts
disease,gastrite,3,Gastrite | Gastrite e Dispepsia,darwin-MFC/lib/data/doencas/adicionais.ts | darwin-MFC/lib/data/doencas/expansao-sota-final.ts | darwin-MFC/lib/data/doencas/gastrointestinais.ts | darwin-MFC/lib/data/doencas/index.ts#default | darwin-MFC/lib/data/doencas/index.ts#doencasConsolidadas | darwin-MFC/lib/data/doencas/index.ts#todasDoencas
disease,otite-media-aguda,3,Otite Média Aguda,darwin-MFC/lib/data/doencas/adicionais.ts | darwin-MFC/lib/data/doencas/expansao-ultima.ts | darwin-MFC/lib/data/doencas/index.ts#default | darwin-MFC/lib/data/doencas/index.ts#doencasConsolidadas | darwin-MFC/lib/data/doencas/index.ts#todasDoencas | darwin-MFC/lib/data/doencas/pediatricas.ts
disease,rinite-alergica,3,Rinite Alérgica,darwin-MFC/lib/data/doencas/adicionais.ts | darwin-MFC/lib/data/doencas/expansao-ultima.ts | darwin-MFC/lib/data/doencas/index.ts#default | darwin-MFC/lib/data/doencas/index.ts#doencasConsolidadas | darwin-MFC/lib/data/doencas/index.ts#todasDoencas | darwin-MFC/lib/data/doencas/respiratorias.ts
disease,acne-vulgar,2,Acne Vulgar,darwin-MFC/lib/data/doencas/adicionais.ts | darwin-MFC/lib/data/doencas/expansao-ultima.ts | darwin-MFC/lib/data/doencas/index.ts#default | darwin-MFC/lib/data/doencas/index.ts#doencasConsolidadas | darwin-MFC/lib/data/doencas/index.ts#todasDoencas
disease,anemia-megaloblastica,2,Anemia Megaloblástica,darwin-MFC/lib/data/doencas/expansao-sota-final.ts | darwin-MFC/lib/data/doencas/hematologicas.ts | darwin-MFC/lib/data/doencas/index.ts#default | darwin-MFC/lib/data/doencas/index.ts#doencasConsolidadas | darwin-MFC/lib/data/doencas/index.ts#todasDoencas
disease,bronquiolite,2,Bronquiolite | Bronquiolite Viral Aguda,darwin-MFC/lib/data/doencas/expansao-sprint3-especialidades.ts | darwin-MFC/lib/data/doencas/index.ts#default | darwin-MFC/lib/data/doencas/index.ts#doencasConsolidadas | darwin-MFC/lib/data/doencas/index.ts#todasDoencas | darwin-MFC/lib/data/doencas/pediatricas.ts
disease,cefaleia-tensional,2,Cefaleia Tensional | Cefaleia do Tipo Tensional,darwin-MFC/lib/data/doencas/index.ts#default | darwin-MFC/lib/data/doencas/index.ts#doencasConsolidadas | darwin-MFC/lib/data/doencas/index.ts#todasDoencas | darwin-MFC/lib/data/doencas/neurologicas.ts | darwin-MFC/lib/data/doencas/neurologicas/expansao-neurologia.ts
disease,dermatite-atopica,2,Dermatite Atópica,darwin-MFC/lib/data/doencas/dermatologicas.ts | darwin-MFC/lib/data/doencas/expansao-sota-avancada.ts | darwin-MFC/lib/data/doencas/index.ts#default | darwin-MFC/lib/data/doencas/index.ts#doencasConsolidadas | darwin-MFC/lib/data/doencas/index.ts#todasDoencas
disease,doenca-refluxo-gastroesofagico,2,Doença do Refluxo Gastroesofágico | Doença do Refluxo Gastroesofágico (DRGE),darwin-MFC/lib/data/doencas/expansao-ultima.ts | darwin-MFC/lib/data/doencas/gastrointestinais.ts | darwin-MFC/lib/data/doencas/index.ts#default | darwin-MFC/lib/data/doencas/index.ts#doencasConsolidadas | darwin-MFC/lib/data/doencas/index.ts#todasDoencas
disease,esclerose-multipla,2,Esclerose Múltipla,darwin-MFC/lib/data/doencas/expansao-sota.ts | darwin-MFC/lib/data/doencas/index.ts#default | darwin-MFC/lib/data/doencas/index.ts#doencasConsolidadas | darwin-MFC/lib/data/doencas/index.ts#todasDoencas | darwin-MFC/lib/data/doencas/neurologicas/expansao-neurologia.ts
disease,esquizofrenia,2,Esquizofrenia,darwin-MFC/lib/data/doencas/expansao-sota.ts | darwin-MFC/lib/data/doencas/index.ts#default | darwin-MFC/lib/data/doencas/index.ts#doencasConsolidadas | darwin-MFC/lib/data/doencas/index.ts#todasDoencas | darwin-MFC/lib/data/doencas/saude-mental/dsm5-transtornos.ts
disease,faringoamigdalite,2,Faringoamigdalite Aguda,darwin-MFC/lib/data/doencas/index.ts#default | darwin-MFC/lib/data/doencas/index.ts#doencasConsolidadas | darwin-MFC/lib/data/doencas/index.ts#todasDoencas | darwin-MFC/lib/data/doencas/infecciosas.ts | darwin-MFC/lib/data/doencas/pediatricas.ts
disease,gota,2,Gota,darwin-MFC/lib/data/doencas/adicionais.ts | darwin-MFC/lib/data/doencas/index.ts#default | darwin-MFC/lib/data/doencas/index.ts#doencasConsolidadas | darwin-MFC/lib/data/doencas/index.ts#todasDoencas | darwin-MFC/lib/data/doencas/musculoesqueleticas.ts
disease,hipotireoidismo,2,Hipotireoidismo,darwin-MFC/lib/data/doencas/adicionais.ts | darwin-MFC/lib/data/doencas/endocrinas.ts | darwin-MFC/lib/data/doencas/index.ts#default | darwin-MFC/lib/data/doencas/index.ts#doencasConsolidadas | darwin-MFC/lib/data/doencas/index.ts#todasDoencas
disease,impetigo,2,Impetigo,darwin-MFC/lib/data/doencas/adicionais.ts | darwin-MFC/lib/data/doencas/expansao-ultima.ts | darwin-MFC/lib/data/doencas/index.ts#default | darwin-MFC/lib/data/doencas/index.ts#doencasConsolidadas | darwin-MFC/lib/data/doencas/index.ts#todasDoencas
disease,insonia,2,Insônia,darwin-MFC/lib/data/doencas/adicionais.ts | darwin-MFC/lib/data/doencas/index.ts#default | darwin-MFC/lib/data/doencas/index.ts#doencasConsolidadas | darwin-MFC/lib/data/doencas/index.ts#todasDoencas | darwin-MFC/lib/data/doencas/saude-mental.ts
disease,laringite-aguda,2,Laringite/Crupe Viral | Laringotraqueobronquite Aguda (Crupe),darwin-MFC/lib/data/doencas/expansao-sprint3-especialidades.ts | darwin-MFC/lib/data/doencas/index.ts#default | darwin-MFC/lib/data/doencas/index.ts#doencasConsolidadas | darwin-MFC/lib/data/doencas/index.ts#todasDoencas | darwin-MFC/lib/data/doencas/pediatricas.ts
disease,neuropatia-periferica,2,Neuropatia Periférica,darwin-MFC/lib/data/doencas/expansao-sota.ts | darwin-MFC/lib/data/doencas/expansao-ultima.ts | darwin-MFC/lib/data/doencas/index.ts#default | darwin-MFC/lib/data/doencas/index.ts#doencasConsolidadas | darwin-MFC/lib/data/doencas/index.ts#todasDoencas
disease,osteoartrite,2,Osteoartrite | Osteoartrite (Artrose),darwin-MFC/lib/data/doencas/adicionais.ts | darwin-MFC/lib/data/doencas/index.ts#default | darwin-MFC/lib/data/doencas/index.ts#doencasConsolidadas | darwin-MFC/lib/data/doencas/index.ts#todasDoencas | darwin-MFC/lib/data/doencas/musculoesqueleticas.ts
disease,psoriase,2,Psoríase,darwin-MFC/lib/data/doencas/dermatologicas.ts | darwin-MFC/lib/data/doencas/expansao-sota-avancada.ts | darwin-MFC/lib/data/doencas/index.ts#default | darwin-MFC/lib/data/doencas/index.ts#doencasConsolidadas | darwin-MFC/lib/data/doencas/index.ts#todasDoencas
disease,sindrome-intestino-irritavel,2,Síndrome do Intestino Irritável | Síndrome do Intestino Irritável (SII),darwin-MFC/lib/data/doencas/expansao-ultima.ts | darwin-MFC/lib/data/doencas/gastrointestinais.ts | darwin-MFC/lib/data/doencas/index.ts#default | darwin-MFC/lib/data/doencas/index.ts#doencasConsolidadas | darwin-MFC/lib/data/doencas/index.ts#todasDoencas
disease,sindrome-metabolica,2,Síndrome Metabólica,darwin-MFC/lib/data/doencas/expansao-sota-avancada.ts | darwin-MFC/lib/data/doencas/expansao-sprint3-metabolico.ts | darwin-MFC/lib/data/doencas/index.ts#default | darwin-MFC/lib/data/doencas/index.ts#doencasConsolidadas | darwin-MFC/lib/data/doencas/index.ts#todasDoencas
disease,sindrome-ovarios-policisticos,2,Síndrome dos Ovários Policísticos | Síndrome dos Ovários Policísticos (SOP),darwin-MFC/lib/data/doencas/adicionais.ts | darwin-MFC/lib/data/doencas/gineco-obstetricas.ts | darwin-MFC/lib/data/doencas/index.ts#default | darwin-MFC/lib/data/doencas/index.ts#doencasConsolidadas | darwin-MFC/lib/data/doencas/index.ts#todasDoencas
disease,sindrome-tunel-carpiano,2,Síndrome do Túnel do Carpo,darwin-MFC/lib/data/doencas/expansao-sota.ts | darwin-MFC/lib/data/doencas/index.ts#default | darwin-MFC/lib/data/doencas/index.ts#doencasConsolidadas | darwin-MFC/lib/data/doencas/index.ts#todasDoencas | darwin-MFC/lib/data/doencas/neurologicas/expansao-neurologia.ts
disease,transtorno-ansiedade-generalizada,2,Transtorno de Ansiedade Generalizada | Transtorno de Ansiedade Generalizada (TAG),darwin-MFC/lib/data/doencas/index.ts#default | darwin-MFC/lib/data/doencas/index.ts#doencasConsolidadas | darwin-MFC/lib/data/doencas/index.ts#todasDoencas | darwin-MFC/lib/data/doencas/saude-mental.ts | darwin-MFC/lib/data/doencas/saude-mental/dsm5-transtornos.ts
disease,transtorno-panico,2,Transtorno de Pânico,darwin-MFC/lib/data/doencas/index.ts#default | darwin-MFC/lib/data/doencas/index.ts#doencasConsolidadas | darwin-MFC/lib/data/doencas/index.ts#todasDoencas | darwin-MFC/lib/data/doencas/saude-mental.ts | darwin-MFC/lib/data/doencas/saude-mental/dsm5-transtornos.ts
disease,urticaria-cronica,2,Urticária Crônica,darwin-MFC/lib/data/doencas/dermatologicas.ts | darwin-MFC/lib/data/doencas/expansao-sota.ts | darwin-MFC/lib/data/doencas/index.ts#default | darwin-MFC/lib/data/doencas/index.ts#doencasConsolidadas | darwin-MFC/lib/data/doencas/index.ts#todasDoencas
disease,vaginose-bacteriana,2,Vaginose Bacteriana,darwin-MFC/lib/data/doencas/adicionais.ts | darwin-MFC/lib/data/doencas/gineco-obstetricas.ts | darwin-MFC/lib/data/doencas/index.ts#default | darwin-MFC/lib/data/doencas/index.ts#doencasConsolidadas | darwin-MFC/lib/data/doencas/index.ts#todasDoencas
med,acido-folico,5,Ácido Fólico | Ácido fólico,darwin-MFC/lib/data/medicamentos/complementares.ts | darwin-MFC/lib/data/medicamentos/expansao-diversos-final.ts | darwin-MFC/lib/data/medicamentos/expansao-hematologia.ts | darwin-MFC/lib/data/medicamentos/expansao-ultima.ts | darwin-MFC/lib/data/medicamentos/index.ts#medicamentosComplementares | darwin-MFC/lib/data/medicamentos/index.ts#medicamentosConsolidados | darwin-MFC/lib/data/medicamentos/index.ts#todosMedicamentos
med,cefalexina,5,Cefalexina,darwin-MFC/lib/data/medicamentos-expanded.ts | darwin-MFC/lib/data/medicamentos/antibioticos.ts | darwin-MFC/lib/data/medicamentos/complementares.ts | darwin-MFC/lib/data/medicamentos/expansao-antibioticos.ts | darwin-MFC/lib/data/medicamentos/expansao-sota.ts | darwin-MFC/lib/data/medicamentos/index.ts#antibioticos | darwin-MFC/lib/data/medicamentos/index.ts#medicamentosComplementares | darwin-MFC/lib/data/medicamentos/index.ts#medicamentosConsolidados | darwin-MFC/lib/data/medicamentos/index.ts#medicamentosExpanded | darwin-MFC/lib/data/medicamentos/index.ts#todosMedicamentos
med,domperidona,5,Domperidona,darwin-MFC/lib/data/medicamentos/diversos.ts | darwin-MFC/lib/data/medicamentos/expansao-final-complementar.ts | darwin-MFC/lib/data/medicamentos/expansao-gastrointestinal.ts | darwin-MFC/lib/data/medicamentos/expansao-target-600.ts | darwin-MFC/lib/data/medicamentos/expansao-ultima.ts | darwin-MFC/lib/data/medicamentos/index.ts#medicamentosConsolidados | darwin-MFC/lib/data/medicamentos/index.ts#medicamentosDiversos | darwin-MFC/lib/data/medicamentos/index.ts#todosMedicamentos
med,fluoxetina,5,Cloridrato de fluoxetina | Fluoxetina,darwin-MFC/lib/data/medicamentos-expanded.ts | darwin-MFC/lib/data/medicamentos.ts | darwin-MFC/lib/data/medicamentos/expansao-600-complete.ts | darwin-MFC/lib/data/medicamentos/expansao-neuropsiquiatrico.ts | darwin-MFC/lib/data/medicamentos/index.ts#medicamentosBase | darwin-MFC/lib/data/medicamentos/index.ts#medicamentosConsolidados | darwin-MFC/lib/data/medicamentos/index.ts#medicamentosExpanded | darwin-MFC/lib/data/medicamentos/index.ts#psicofarmacos | darwin-MFC/lib/data/medicamentos/index.ts#todosMedicamentos | darwin-MFC/lib/data/medicamentos/psicofarmacos.ts | darwin-MFC/lib/data/medicamentos/psicotropicos.ts
med,hidroclorotiazida,5,Hidroclorotiazida,darwin-MFC/lib/data/medicamentos-expanded.ts | darwin-MFC/lib/data/medicamentos.ts | darwin-MFC/lib/data/medicamentos/cardiovasculares.ts | darwin-MFC/lib/data/medicamentos/diversos.ts | darwin-MFC/lib/data/medicamentos/expansao-600-final.ts | darwin-MFC/lib/data/medicamentos/expansao-ultima.ts | darwin-MFC/lib/data/medicamentos/index.ts#medicamentosBase | darwin-MFC/lib/data/medicamentos/index.ts#medicamentosConsolidados | darwin-MFC/lib/data/medicamentos/index.ts#medicamentosDiversos | darwin-MFC/lib/data/medicamentos/index.ts#medicamentosExpanded | darwin-MFC/lib/data/medicamentos/index.ts#todosMedicamentos
med,metformina,5,Cloridrato de metformina | Metformina,darwin-MFC/lib/data/medicamentos-expanded.ts | darwin-MFC/lib/data/medicamentos.ts | darwin-MFC/lib/data/medicamentos/diversos.ts | darwin-MFC/lib/data/medicamentos/expansao-final-12.ts | darwin-MFC/lib/data/medicamentos/expansao-metabolico-endocrino.ts | darwin-MFC/lib/data/medicamentos/index.ts#medicamentosBase | darwin-MFC/lib/data/medicamentos/index.ts#medicamentosConsolidados | darwin-MFC/lib/data/medicamentos/index.ts#medicamentosDiversos | darwin-MFC/lib/data/medicamentos/index.ts#medicamentosExpanded | darwin-MFC/lib/data/medicamentos/index.ts#todosMedicamentos
med,nitrofurantoina,5,Nitrofurantoína,darwin-MFC/lib/data/medicamentos-expanded.ts | darwin-MFC/lib/data/medicamentos/antibioticos.ts | darwin-MFC/lib/data/medicamentos/expansao-600-complete.ts | darwin-MFC/lib/data/medicamentos/expansao-antibioticos.ts | darwin-MFC/lib/data/medicamentos/expansao-urologico.ts | darwin-MFC/lib/data/medicamentos/index.ts#antibioticos | darwin-MFC/lib/data/medicamentos/index.ts#medicamentosConsolidados | darwin-MFC/lib/data/medicamentos/index.ts#medicamentosExpanded | darwin-MFC/lib/data/medicamentos/index.ts#todosMedicamentos
med,omeprazol,5,Omeprazol,darwin-MFC/lib/data/medicamentos-expanded.ts | darwin-MFC/lib/data/medicamentos/diversos.ts | darwin-MFC/lib/data/medicamentos/expansao-600-complete.ts | darwin-MFC/lib/data/medicamentos/expansao-gastrointestinal.ts | darwin-MFC/lib/data/medicamentos/expansao-ultima.ts | darwin-MFC/lib/data/medicamentos/gastro-metabolicos.ts | darwin-MFC/lib/data/medicamentos/index.ts#medicamentosConsolidados | darwin-MFC/lib/data/medicamentos/index.ts#medicamentosDiversos | darwin-MFC/lib/data/medicamentos/index.ts#medicamentosExpanded | darwin-MFC/lib/data/medicamentos/index.ts#todosMedicamentos
med,sulfametoxazol-trimetoprima,5,Sulfametoxazol + Trimetoprima,darwin-MFC/lib/data/medicamentos-expanded.ts | darwin-MFC/lib/data/medicamentos/antibioticos.ts | darwin-MFC/lib/data/medicamentos/complementares.ts | darwin-MFC/lib/data/medicamentos/expansao-600-complete.ts | darwin-MFC/lib/data/medicamentos/expansao-antibioticos.ts | darwin-MFC/lib/data/medicamentos/index.ts#antibioticos | darwin-MFC/lib/data/medicamentos/index.ts#medicamentosComplementares | darwin-MFC/lib/data/medicamentos/index.ts#medicamentosConsolidados | darwin-MFC/lib/data/medicamentos/index.ts#medicamentosExpanded | darwin-MFC/lib/data/medicamentos/index.ts#todosMedicamentos
med,amitriptilina,4,Amitriptilina | Cloridrato de amitriptilina,darwin-MFC/lib/data/medicamentos-expanded.ts | darwin-MFC/lib/data/medicamentos.ts | darwin-MFC/lib/data/medicamentos/expansao-ultima.ts | darwin-MFC/lib/data/medicamentos/index.ts#medicamentosBase | darwin-MFC/lib/data/medicamentos/index.ts#medicamentosConsolidados | darwin-MFC/lib/data/medicamentos/index.ts#medicamentosExpanded | darwin-MFC/lib/data/medicamentos/index.ts#psicofarmacos | darwin-MFC/lib/data/medicamentos/index.ts#todosMedicamentos | darwin-MFC/lib/data/medicamentos/psicofarmacos.ts | darwin-MFC/lib/data/medicamentos/psicotropicos.ts
med,atorvastatina,4,Atorvastatina | Atorvastatina cálcica,darwin-MFC/lib/data/medicamentos-expanded.ts | darwin-MFC/lib/data/medicamentos/cardiovasculares.ts | darwin-MFC/lib/data/medicamentos/diversos.ts | darwin-MFC/lib/data/medicamentos/expansao-cardiovascular-completo.ts | darwin-MFC/lib/data/medicamentos/expansao-final-12.ts | darwin-MFC/lib/data/medicamentos/index.ts#medicamentosConsolidados | darwin-MFC/lib/data/medicamentos/index.ts#medicamentosDiversos | darwin-MFC/lib/data/medicamentos/index.ts#medicamentosExpanded | darwin-MFC/lib/data/medicamentos/index.ts#todosMedicamentos
med,azitromicina,4,Azitromicina,darwin-MFC/lib/data/medicamentos-expanded.ts | darwin-MFC/lib/data/medicamentos/antibioticos.ts | darwin-MFC/lib/data/medicamentos/expansao-antibioticos.ts | darwin-MFC/lib/data/medicamentos/expansao-sota.ts | darwin-MFC/lib/data/medicamentos/index.ts#antibioticos | darwin-MFC/lib/data/medicamentos/index.ts#medicamentosConsolidados | darwin-MFC/lib/data/medicamentos/index.ts#medicamentosExpanded | darwin-MFC/lib/data/medicamentos/index.ts#todosMedicamentos
med,carbamazepina,4,Carbamazepina,darwin-MFC/lib/data/medicamentos/complementares.ts | darwin-MFC/lib/data/medicamentos/expansao-final-12.ts | darwin-MFC/lib/data/medicamentos/expansao-neuropsiquiatrico.ts | darwin-MFC/lib/data/medicamentos/expansao-sota.ts | darwin-MFC/lib/data/medicamentos/index.ts#medicamentosComplementares | darwin-MFC/lib/data/medicamentos/index.ts#medicamentosConsolidados | darwin-MFC/lib/data/medicamentos/index.ts#todosMedicamentos | darwin-MFC/lib/data/medicamentos/psicotropicos.ts
med,clonazepam,4,Clonazepam,darwin-MFC/lib/data/medicamentos/expansao-600-complete.ts | darwin-MFC/lib/data/medicamentos/expansao-neuropsiquiatrico.ts | darwin-MFC/lib/data/medicamentos/expansao-ultima.ts | darwin-MFC/lib/data/medicamentos/index.ts#medicamentosConsolidados | darwin-MFC/lib/data/medicamentos/index.ts#psicofarmacos | darwin-MFC/lib/data/medicamentos/index.ts#todosMedicamentos | darwin-MFC/lib/data/medicamentos/psicofarmacos.ts | darwin-MFC/lib/data/medicamentos/psicotropicos.ts
med,dipirona,4,Dipirona | Dipirona (Metamizol) | Dipirona sódica | Dipirona sódica (Metamizol),darwin-MFC/lib/data/medicamentos-expanded.ts | darwin-MFC/lib/data/medicamentos/analgesicos-aines.ts | darwin-MFC/lib/data/medicamentos/expansao-final-batch.ts | darwin-MFC/lib/data/medicamentos/expansao-ultima.ts | darwin-MFC/lib/data/medicamentos/index.ts#analgesicosAines | darwin-MFC/lib/data/medicamentos/index.ts#medicamentosConsolidados | darwin-MFC/lib/data/medicamentos/index.ts#medicamentosExpanded | darwin-MFC/lib/data/medicamentos/index.ts#todosMedicamentos
med,doxiciclina,4,Doxiciclina,darwin-MFC/lib/data/medicamentos/antibioticos.ts | darwin-MFC/lib/data/medicamentos/expansao-antibioticos-final.ts | darwin-MFC/lib/data/medicamentos/expansao-antibioticos.ts | darwin-MFC/lib/data/medicamentos/expansao-sota-final.ts | darwin-MFC/lib/data/medicamentos/index.ts#antibioticos | darwin-MFC/lib/data/medicamentos/index.ts#medicamentosConsolidados | darwin-MFC/lib/data/medicamentos/index.ts#todosMedicamentos
med,fenitoina,4,Fenitoína | Fenitoína sódica,darwin-MFC/lib/data/medicamentos/complementares.ts | darwin-MFC/lib/data/medicamentos/expansao-final-12.ts | darwin-MFC/lib/data/medicamentos/expansao-sota.ts | darwin-MFC/lib/data/medicamentos/expansao-ultima.ts | darwin-MFC/lib/data/medicamentos/index.ts#medicamentosComplementares | darwin-MFC/lib/data/medicamentos/index.ts#medicamentosConsolidados | darwin-MFC/lib/data/medicamentos/index.ts#todosMedicamentos
med,glibenclamida,4,Glibenclamida,darwin-MFC/lib/data/medicamentos/diversos.ts | darwin-MFC/lib/data/medicamentos/expansao-endocrino-adicional.ts | darwin-MFC/lib/data/medicamentos/expansao-final-12.ts | darwin-MFC/lib/data/medicamentos/expansao-ultima.ts | darwin-MFC/lib/data/medicamentos/gastro-metabolicos.ts | darwin-MFC/lib/data/medicamentos/index.ts#medicamentosConsolidados | darwin-MFC/lib/data/medicamentos/index.ts#medicamentosDiversos | darwin-MFC/lib/data/medicamentos/index.ts#todosMedicamentos
med,gliclazida,4,Gliclazida,darwin-MFC/lib/data/medicamentos-expanded.ts | darwin-MFC/lib/data/medicamentos/expansao-endocrino-adicional.ts | darwin-MFC/lib/data/medicamentos/expansao-final-complementar.ts | darwin-MFC/lib/data/medicamentos/expansao-metabolico-endocrino.ts | darwin-MFC/lib/data/medicamentos/index.ts#medicamentosConsolidados | darwin-MFC/lib/data/medicamentos/index.ts#medicamentosExpanded | darwin-MFC/lib/data/medicamentos/index.ts#todosMedicamentos
med,glimepirida,4,Glimepirida,darwin-MFC/lib/data/medicamentos/expansao-endocrino-adicional.ts | darwin-MFC/lib/data/medicamentos/expansao-final-12.ts | darwin-MFC/lib/data/medicamentos/expansao-final-complementar.ts | darwin-MFC/lib/data/medicamentos/expansao-metabolico-endocrino.ts | darwin-MFC/lib/data/medicamentos/index.ts#medicamentosConsolidados | darwin-MFC/lib/data/medicamentos/index.ts#todosMedicamentos
med,ibuprofeno,4,Ibuprofeno,darwin-MFC/lib/data/medicamentos-expanded.ts | darwin-MFC/lib/data/medicamentos.ts | darwin-MFC/lib/data/medicamentos/analgesicos-aines.ts | darwin-MFC/lib/data/medicamentos/expansao-600-complete.ts | darwin-MFC/lib/data/medicamentos/index.ts#analgesicosAines | darwin-MFC/lib/data/medicamentos/index.ts#medicamentosBase | darwin-MFC/lib/data/medicamentos/index.ts#medicamentosConsolidados | darwin-MFC/lib/data/medicamentos/index.ts#medicamentosExpanded | darwin-MFC/lib/data/medicamentos/index.ts#todosMedicamentos
med,levotiroxina,4,Levotiroxina | Levotiroxina sódica,darwin-MFC/lib/data/medicamentos-expanded.ts | darwin-MFC/lib/data/medicamentos/diversos.ts | darwin-MFC/lib/data/medicamentos/expansao-final-12.ts | darwin-MFC/lib/data/medicamentos/expansao-ultima.ts | darwin-MFC/lib/data/medicamentos/gastro-metabolicos.ts | darwin-MFC/lib/data/medicamentos/index.ts#medicamentosConsolidados | darwin-MFC/lib/data/medicamentos/index.ts#medicamentosDiversos | darwin-MFC/lib/data/medicamentos/index.ts#medicamentosExpanded | darwin-MFC/lib/data/medicamentos/index.ts#todosMedicamentos
med,loratadina,4,Loratadina,darwin-MFC/lib/data/medicamentos-expanded.ts | darwin-MFC/lib/data/medicamentos/complementares.ts | darwin-MFC/lib/data/medicamentos/expansao-respiratorio.ts | darwin-MFC/lib/data/medicamentos/expansao-ultima.ts | darwin-MFC/lib/data/medicamentos/index.ts#medicamentosComplementares | darwin-MFC/lib/data/medicamentos/index.ts#medicamentosConsolidados | darwin-MFC/lib/data/medicamentos/index.ts#medicamentosExpanded | darwin-MFC/lib/data/medicamentos/index.ts#todosMedicamentos
med,losartana,4,Losartana | Losartana potássica,darwin-MFC/lib/data/medicamentos.ts | darwin-MFC/lib/data/medicamentos/expansao-cardiovascular-completo.ts | darwin-MFC/lib/data/medicamentos/expansao-final-12.ts | darwin-MFC/lib/data/medicamentos/expansao-ultima.ts | darwin-MFC/lib/data/medicamentos/index.ts#medicamentosBase | darwin-MFC/lib/data/medicamentos/index.ts#medicamentosConsolidados | darwin-MFC/lib/data/medicamentos/index.ts#todosMedicamentos
med,metoclopramida,4,Cloridrato de metoclopramida | Metoclopramida,darwin-MFC/lib/data/medicamentos/complementares.ts | darwin-MFC/lib/data/medicamentos/expansao-600-final.ts | darwin-MFC/lib/data/medicamentos/expansao-gastrointestinal.ts | darwin-MFC/lib/data/medicamentos/expansao-ultima.ts | darwin-MFC/lib/data/medicamentos/gastro-metabolicos.ts | darwin-MFC/lib/data/medicamentos/index.ts#medicamentosComplementares | darwin-MFC/lib/data/medicamentos/index.ts#medicamentosConsolidados | darwin-MFC/lib/data/medicamentos/index.ts#todosMedicamentos
med,naproxeno,4,Naproxeno | Naproxeno sódico,darwin-MFC/lib/data/medicamentos/analgesicos-aines.ts | darwin-MFC/lib/data/medicamentos/expansao-600-complete.ts | darwin-MFC/lib/data/medicamentos/expansao-musculoesqueletico.ts | darwin-MFC/lib/data/medicamentos/expansao-ultima.ts | darwin-MFC/lib/data/medicamentos/index.ts#analgesicosAines | darwin-MFC/lib/data/medicamentos/index.ts#medicamentosConsolidados | darwin-MFC/lib/data/medicamentos/index.ts#todosMedicamentos
med,ondansetrona,4,Cloridrato de ondansetrona | Ondansetrona,darwin-MFC/lib/data/medicamentos/complementares.ts | darwin-MFC/lib/data/medicamentos/expansao-600-final.ts | darwin-MFC/lib/data/medicamentos/expansao-gastrointestinal.ts | darwin-MFC/lib/data/medicamentos/expansao-ultima.ts | darwin-MFC/lib/data/medicamentos/gastro-metabolicos.ts | darwin-MFC/lib/data/medicamentos/index.ts#medicamentosComplementares | darwin-MFC/lib/data/medicamentos/index.ts#medicamentosConsolidados | darwin-MFC/lib/data/medicamentos/index.ts#todosMedicamentos
med,ranitidina,4,Cloridrato de ranitidina | Ranitidina,darwin-MFC/lib/data/medicamentos/diversos.ts | darwin-MFC/lib/data/medicamentos/expansao-final-batch.ts | darwin-MFC/lib/data/medicamentos/expansao-gastrointestinal.ts | darwin-MFC/lib/data/medicamentos/expansao-ultima.ts | darwin-MFC/lib/data/medicamentos/gastro-metabolicos.ts | darwin-MFC/lib/data/medicamentos/index.ts#medicamentosConsolidados | darwin-MFC/lib/data/medicamentos/index.ts#medicamentosDiversos | darwin-MFC/lib/data/medicamentos/index.ts#todosMedicamentos
med,salbutamol,4,Salbutamol | Salbutamol (Albuterol) | Sulfato de salbutamol,darwin-MFC/lib/data/medicamentos-expanded.ts | darwin-MFC/lib/data/medicamentos/diversos.ts | darwin-MFC/lib/data/medicamentos/expansao-respiratorio.ts | darwin-MFC/lib/data/medicamentos/expansao-ultima.ts | darwin-MFC/lib/data/medicamentos/index.ts#medicamentosConsolidados | darwin-MFC/lib/data/medicamentos/index.ts#medicamentosDiversos | darwin-MFC/lib/data/medicamentos/index.ts#medicamentosExpanded | darwin-MFC/lib/data/medicamentos/index.ts#todosMedicamentos
med,sertralina,4,Cloridrato de sertralina | Sertralina,darwin-MFC/lib/data/medicamentos-expanded.ts | darwin-MFC/lib/data/medicamentos/expansao-600-complete.ts | darwin-MFC/lib/data/medicamentos/expansao-neuropsiquiatrico.ts | darwin-MFC/lib/data/medicamentos/index.ts#medicamentosConsolidados | darwin-MFC/lib/data/medicamentos/index.ts#medicamentosExpanded | darwin-MFC/lib/data/medicamentos/index.ts#psicofarmacos | darwin-MFC/lib/data/medicamentos/index.ts#todosMedicamentos | darwin-MFC/lib/data/medicamentos/psicofarmacos.ts | darwin-MFC/lib/data/medicamentos/psicotropicos.ts
med,acido-tranexamico,3,Ácido Tranexâmico,darwin-MFC/lib/data/medicamentos/expansao-600-ultimo.ts | darwin-MFC/lib/data/medicamentos/expansao-ginecologia.ts | darwin-MFC/lib/data/medicamentos/expansao-hematologia.ts | darwin-MFC/lib/data/medicamentos/index.ts#medicamentosConsolidados | darwin-MFC/lib/data/medicamentos/index.ts#todosMedicamentos
med,albendazol,3,Albendazol,darwin-MFC/lib/data/medicamentos/complementares.ts | darwin-MFC/lib/data/medicamentos/expansao-final-batch.ts | darwin-MFC/lib/data/medicamentos/expansao-ultima.ts | darwin-MFC/lib/data/medicamentos/index.ts#medicamentosComplementares | darwin-MFC/lib/data/medicamentos/index.ts#medicamentosConsolidados | darwin-MFC/lib/data/medicamentos/index.ts#todosMedicamentos
med,amoxicilina,3,Amoxicilina,darwin-MFC/lib/data/medicamentos-expanded.ts | darwin-MFC/lib/data/medicamentos.ts | darwin-MFC/lib/data/medicamentos/antibioticos.ts | darwin-MFC/lib/data/medicamentos/index.ts#antibioticos | darwin-MFC/lib/data/medicamentos/index.ts#medicamentosBase | darwin-MFC/lib/data/medicamentos/index.ts#medicamentosConsolidados | darwin-MFC/lib/data/medicamentos/index.ts#medicamentosExpanded | darwin-MFC/lib/data/medicamentos/index.ts#todosMedicamentos
med,anlodipino,3,Anlodipino | Besilato de anlodipino,darwin-MFC/lib/data/medicamentos.ts | darwin-MFC/lib/data/medicamentos/expansao-cardiovascular-completo.ts | darwin-MFC/lib/data/medicamentos/expansao-final-12.ts | darwin-MFC/lib/data/medicamentos/index.ts#medicamentosBase | darwin-MFC/lib/data/medicamentos/index.ts#medicamentosConsolidados | darwin-MFC/lib/data/medicamentos/index.ts#todosMedicamentos
med,apixabana,3,Apixabana,darwin-MFC/lib/data/medicamentos/expansao-600-final.ts | darwin-MFC/lib/data/medicamentos/expansao-cardiovascular-completo.ts | darwin-MFC/lib/data/medicamentos/expansao-hematologia.ts | darwin-MFC/lib/data/medicamentos/index.ts#medicamentosConsolidados | darwin-MFC/lib/data/medicamentos/index.ts#todosMedicamentos
med,atenolol,3,Atenolol,darwin-MFC/lib/data/medicamentos-expanded.ts | darwin-MFC/lib/data/medicamentos/cardiovasculares.ts | darwin-MFC/lib/data/medicamentos/expansao-final-12.ts | darwin-MFC/lib/data/medicamentos/expansao-ultima.ts | darwin-MFC/lib/data/medicamentos/index.ts#medicamentosConsolidados | darwin-MFC/lib/data/medicamentos/index.ts#medicamentosExpanded | darwin-MFC/lib/data/medicamentos/index.ts#todosMedicamentos
med,benzoato-benzila,3,Benzoato de Benzila,darwin-MFC/lib/data/medicamentos/complementares.ts | darwin-MFC/lib/data/medicamentos/expansao-dermatologia-adicional.ts | darwin-MFC/lib/data/medicamentos/expansao-final-batch.ts | darwin-MFC/lib/data/medicamentos/index.ts#medicamentosComplementares | darwin-MFC/lib/data/medicamentos/index.ts#medicamentosConsolidados | darwin-MFC/lib/data/medicamentos/index.ts#todosMedicamentos
med,bisacodil,3,Bisacodil,darwin-MFC/lib/data/medicamentos/expansao-diversos-final.ts | darwin-MFC/lib/data/medicamentos/expansao-gastrointestinal.ts | darwin-MFC/lib/data/medicamentos/expansao-target-600.ts | darwin-MFC/lib/data/medicamentos/index.ts#medicamentosConsolidados | darwin-MFC/lib/data/medicamentos/index.ts#todosMedicamentos
med,clopidogrel,3,Bissulfato de clopidogrel | Clopidogrel,darwin-MFC/lib/data/medicamentos/cardiovasculares.ts | darwin-MFC/lib/data/medicamentos/complementares.ts | darwin-MFC/lib/data/medicamentos/expansao-cardiovascular-completo.ts | darwin-MFC/lib/data/medicamentos/expansao-hematologia.ts | darwin-MFC/lib/data/medicamentos/index.ts#medicamentosComplementares | darwin-MFC/lib/data/medicamentos/index.ts#medicamentosConsolidados | darwin-MFC/lib/data/medicamentos/index.ts#todosMedicamentos
med,codeina,3,Codeína | Fosfato de codeína,darwin-MFC/lib/data/medicamentos/analgesicos-aines.ts | darwin-MFC/lib/data/medicamentos/expansao-respiratorio.ts | darwin-MFC/lib/data/medicamentos/expansao-ultima.ts | darwin-MFC/lib/data/medicamentos/index.ts#analgesicosAines | darwin-MFC/lib/data/medicamentos/index.ts#medicamentosConsolidados | darwin-MFC/lib/data/medicamentos/index.ts#todosMedicamentos
med,colchicina,3,Colchicina,darwin-MFC/lib/data/medicamentos/expansao-metabolico-endocrino.ts | darwin-MFC/lib/data/medicamentos/expansao-musculoesqueletico.ts | darwin-MFC/lib/data/medicamentos/expansao-reumatologia.ts | darwin-MFC/lib/data/medicamentos/index.ts#medicamentosConsolidados | darwin-MFC/lib/data/medicamentos/index.ts#todosMedicamentos
med,dabigatrana,3,Dabigatrana,darwin-MFC/lib/data/medicamentos/expansao-600-final.ts | darwin-MFC/lib/data/medicamentos/expansao-cardiovascular-completo.ts | darwin-MFC/lib/data/medicamentos/expansao-hematologia.ts | darwin-MFC/lib/data/medicamentos/index.ts#medicamentosConsolidados | darwin-MFC/lib/data/medicamentos/index.ts#todosMedicamentos
med,desloratadina,3,Desloratadina,darwin-MFC/lib/data/medicamentos/expansao-final-complementar.ts | darwin-MFC/lib/data/medicamentos/expansao-respiratorio.ts | darwin-MFC/lib/data/medicamentos/expansao-target-600.ts | darwin-MFC/lib/data/medicamentos/index.ts#medicamentosConsolidados | darwin-MFC/lib/data/medicamentos/index.ts#todosMedicamentos
med,dexametasona,3,Dexametasona | Fosfato dissódico de dexametasona,darwin-MFC/lib/data/medicamentos/complementares.ts | darwin-MFC/lib/data/medicamentos/expansao-600-final.ts | darwin-MFC/lib/data/medicamentos/expansao-ultima.ts | darwin-MFC/lib/data/medicamentos/gastro-metabolicos.ts | darwin-MFC/lib/data/medicamentos/index.ts#medicamentosComplementares | darwin-MFC/lib/data/medicamentos/index.ts#medicamentosConsolidados | darwin-MFC/lib/data/medicamentos/index.ts#todosMedicamentos
med,dextrometorfano,3,Dextrometorfano,darwin-MFC/lib/data/medicamentos/expansao-otorrino.ts | darwin-MFC/lib/data/medicamentos/expansao-respiratorio.ts | darwin-MFC/lib/data/medicamentos/expansao-target-600.ts | darwin-MFC/lib/data/medicamentos/index.ts#medicamentosConsolidados | darwin-MFC/lib/data/medicamentos/index.ts#todosMedicamentos
med,diazepam,3,Diazepam,darwin-MFC/lib/data/medicamentos/expansao-600-complete.ts | darwin-MFC/lib/data/medicamentos/expansao-neuropsiquiatrico.ts | darwin-MFC/lib/data/medicamentos/index.ts#medicamentosConsolidados | darwin-MFC/lib/data/medicamentos/index.ts#psicofarmacos | darwin-MFC/lib/data/medicamentos/index.ts#todosMedicamentos | darwin-MFC/lib/data/medicamentos/psicofarmacos.ts | darwin-MFC/lib/data/medicamentos/psicotropicos.ts
med,enalapril,3,Enalapril | Maleato de enalapril,darwin-MFC/lib/data/medicamentos.ts | darwin-MFC/lib/data/medicamentos/expansao-cardiovascular-completo.ts | darwin-MFC/lib/data/medicamentos/expansao-final-12.ts | darwin-MFC/lib/data/medicamentos/index.ts#medicamentosBase | darwin-MFC/lib/data/medicamentos/index.ts#medicamentosConsolidados | darwin-MFC/lib/data/medicamentos/index.ts#todosMedicamentos
med,enoxaparina,3,Enoxaparina | Enoxaparina sódica,darwin-MFC/lib/data/medicamentos/complementares.ts | darwin-MFC/lib/data/medicamentos/expansao-600-final.ts | darwin-MFC/lib/data/medicamentos/expansao-hematologia.ts | darwin-MFC/lib/data/medicamentos/index.ts#medicamentosComplementares | darwin-MFC/lib/data/medicamentos/index.ts#medicamentosConsolidados | darwin-MFC/lib/data/medicamentos/index.ts#todosMedicamentos
med,hidrocortisona-topica,3,Hidrocortisona | Hidrocortisona Tópica,darwin-MFC/lib/data/medicamentos/expansao-600-ultimo.ts | darwin-MFC/lib/data/medicamentos/expansao-dermatologia-adicional.ts | darwin-MFC/lib/data/medicamentos/expansao-dermatologico.ts | darwin-MFC/lib/data/medicamentos/index.ts#medicamentosConsolidados | darwin-MFC/lib/data/medicamentos/index.ts#todosMedicamentos
med,hidroxicloroquina,3,Hidroxicloroquina,darwin-MFC/lib/data/medicamentos/expansao-600-ultimo.ts | darwin-MFC/lib/data/medicamentos/expansao-reumatologia.ts | darwin-MFC/lib/data/medicamentos/expansao-sota.ts | darwin-MFC/lib/data/medicamentos/index.ts#medicamentosConsolidados | darwin-MFC/lib/data/medicamentos/index.ts#todosMedicamentos
med,insulina-glargina,3,Insulina Glargina,darwin-MFC/lib/data/medicamentos/expansao-endocrino-adicional.ts | darwin-MFC/lib/data/medicamentos/expansao-final-batch.ts | darwin-MFC/lib/data/medicamentos/expansao-metabolico-endocrino.ts | darwin-MFC/lib/data/medicamentos/index.ts#medicamentosConsolidados | darwin-MFC/lib/data/medicamentos/index.ts#todosMedicamentos
med,insulina-lispro,3,Insulina Lispro,darwin-MFC/lib/data/medicamentos/expansao-endocrino-adicional.ts | darwin-MFC/lib/data/medicamentos/expansao-final-batch.ts | darwin-MFC/lib/data/medicamentos/expansao-metabolico-endocrino.ts | darwin-MFC/lib/data/medicamentos/index.ts#medicamentosConsolidados | darwin-MFC/lib/data/medicamentos/index.ts#todosMedicamentos
med,insulina-nph,3,Insulina NPH (Isofana) | Insulina NPH (isofana) | Insulina humana NPH,darwin-MFC/lib/data/medicamentos-expanded.ts | darwin-MFC/lib/data/medicamentos/complementares.ts | darwin-MFC/lib/data/medicamentos/expansao-endocrino-adicional.ts | darwin-MFC/lib/data/medicamentos/gastro-metabolicos.ts | darwin-MFC/lib/data/medicamentos/index.ts#medicamentosComplementares | darwin-MFC/lib/data/medicamentos/index.ts#medicamentosConsolidados | darwin-MFC/lib/data/medicamentos/index.ts#medicamentosExpanded | darwin-MFC/lib/data/medicamentos/index.ts#todosMedicamentos
med,lactulose,3,Lactulose,darwin-MFC/lib/data/medicamentos/expansao-diversos-final.ts | darwin-MFC/lib/data/medicamentos/expansao-gastrointestinal.ts | darwin-MFC/lib/data/medicamentos/expansao-target-600.ts | darwin-MFC/lib/data/medicamentos/index.ts#medicamentosConsolidados | darwin-MFC/lib/data/medicamentos/index.ts#todosMedicamentos
med,oseltamivir,3,Oseltamivir,darwin-MFC/lib/data/medicamentos/expansao-600-ultimo.ts | darwin-MFC/lib/data/medicamentos/expansao-antivirais.ts | darwin-MFC/lib/data/medicamentos/expansao-sota-final.ts | darwin-MFC/lib/data/medicamentos/index.ts#medicamentosConsolidados | darwin-MFC/lib/data/medicamentos/index.ts#todosMedicamentos
med,pantoprazol,3,Pantoprazol,darwin-MFC/lib/data/medicamentos/expansao-600-final.ts | darwin-MFC/lib/data/medicamentos/expansao-gastrointestinal.ts | darwin-MFC/lib/data/medicamentos/expansao-ultima.ts | darwin-MFC/lib/data/medicamentos/gastro-metabolicos.ts | darwin-MFC/lib/data/medicamentos/index.ts#medicamentosConsolidados | darwin-MFC/lib/data/medicamentos/index.ts#todosMedicamentos
med,paracetamol,3,Paracetamol | Paracetamol (Acetaminofeno),darwin-MFC/lib/data/medicamentos-expanded.ts | darwin-MFC/lib/data/medicamentos/analgesicos-aines.ts | darwin-MFC/lib/data/medicamentos/expansao-600-complete.ts | darwin-MFC/lib/data/medicamentos/index.ts#analgesicosAines | darwin-MFC/lib/data/medicamentos/index.ts#medicamentosConsolidados | darwin-MFC/lib/data/medicamentos/index.ts#medicamentosExpanded | darwin-MFC/lib/data/medicamentos/index.ts#todosMedicamentos
med,polietilenoglicol,3,Polietilenoglicol (Macrogol) | Polietilenoglicol 3350 | Polietilenoglicol 4000,darwin-MFC/lib/data/medicamentos/expansao-diversos-final.ts | darwin-MFC/lib/data/medicamentos/expansao-gastrointestinal.ts | darwin-MFC/lib/data/medicamentos/expansao-ultima.ts | darwin-MFC/lib/data/medicamentos/index.ts#medicamentosConsolidados | darwin-MFC/lib/data/medicamentos/index.ts#todosMedicamentos
med,prednisona,3,Prednisona,darwin-MFC/lib/data/medicamentos/complementares.ts | darwin-MFC/lib/data/medicamentos/expansao-600-final.ts | darwin-MFC/lib/data/medicamentos/expansao-ultima.ts | darwin-MFC/lib/data/medicamentos/gastro-metabolicos.ts | darwin-MFC/lib/data/medicamentos/index.ts#medicamentosComplementares | darwin-MFC/lib/data/medicamentos/index.ts#medicamentosConsolidados | darwin-MFC/lib/data/medicamentos/index.ts#todosMedicamentos
med,prometazina,3,Cloridrato de prometazina | Prometazina,darwin-MFC/lib/data/medicamentos/complementares.ts | darwin-MFC/lib/data/medicamentos/expansao-final-batch.ts | darwin-MFC/lib/data/medicamentos/expansao-ultima.ts | darwin-MFC/lib/data/medicamentos/index.ts#medicamentosComplementares | darwin-MFC/lib/data/medicamentos/index.ts#medicamentosConsolidados | darwin-MFC/lib/data/medicamentos/index.ts#todosMedicamentos
med,propranolol,3,Propranolol,darwin-MFC/lib/data/medicamentos-expanded.ts | darwin-MFC/lib/data/medicamentos/cardiovasculares.ts | darwin-MFC/lib/data/medicamentos/expansao-final-12.ts | darwin-MFC/lib/data/medicamentos/expansao-ultima.ts | darwin-MFC/lib/data/medicamentos/index.ts#medicamentosConsolidados | darwin-MFC/lib/data/medicamentos/index.ts#medicamentosExpanded | darwin-MFC/lib/data/medicamentos/index.ts#todosMedicamentos
med,risperidona,3,Risperidona,darwin-MFC/lib/data/medicamentos/expansao-neuropsiquiatrico.ts | darwin-MFC/lib/data/medicamentos/expansao-ultima.ts | darwin-MFC/lib/data/medicamentos/index.ts#medicamentosConsolidados | darwin-MFC/lib/data/medicamentos/index.ts#psicofarmacos | darwin-MFC/lib/data/medicamentos/index.ts#todosMedicamentos | darwin-MFC/lib/data/medicamentos/psicofarmacos.ts | darwin-MFC/lib/data/medicamentos/psicotropicos.ts
med,rivaroxabana,3,Rivaroxabana,darwin-MFC/lib/data/medicamentos/cardiovasculares.ts | darwin-MFC/lib/data/medicamentos/expansao-600-final.ts | darwin-MFC/lib/data/medicamentos/expansao-cardiovascular-completo.ts | darwin-MFC/lib/data/medicamentos/expansao-hematologia.ts | darwin-MFC/lib/data/medicamentos/index.ts#medicamentosConsolidados | darwin-MFC/lib/data/medicamentos/index.ts#todosMedicamentos
med,sinvastatina,3,Sinvastatina,darwin-MFC/lib/data/medicamentos-expanded.ts | darwin-MFC/lib/data/medicamentos/cardiovasculares.ts | darwin-MFC/lib/data/medicamentos/diversos.ts | darwin-MFC/lib/data/medicamentos/expansao-final-12.ts | darwin-MFC/lib/data/medicamentos/index.ts#medicamentosConsolidados | darwin-MFC/lib/data/medicamentos/index.ts#medicamentosDiversos | darwin-MFC/lib/data/medicamentos/index.ts#medicamentosExpanded | darwin-MFC/lib/data/medicamentos/index.ts#todosMedicamentos
med,tramadol,3,Cloridrato de tramadol | Tramadol,darwin-MFC/lib/data/medicamentos/analgesicos-aines.ts | darwin-MFC/lib/data/medicamentos/expansao-600-ultimo.ts | darwin-MFC/lib/data/medicamentos/expansao-ultima.ts | darwin-MFC/lib/data/medicamentos/index.ts#analgesicosAines | darwin-MFC/lib/data/medicamentos/index.ts#medicamentosConsolidados | darwin-MFC/lib/data/medicamentos/index.ts#todosMedicamentos
med,acetilcisteina,2,Acetilcisteína,darwin-MFC/lib/data/medicamentos/expansao-respiratorio.ts | darwin-MFC/lib/data/medicamentos/expansao-target-600.ts | darwin-MFC/lib/data/medicamentos/index.ts#medicamentosConsolidados | darwin-MFC/lib/data/medicamentos/index.ts#todosMedicamentos
med,aciclovir,2,Aciclovir,darwin-MFC/lib/data/medicamentos/expansao-antivirais.ts | darwin-MFC/lib/data/medicamentos/expansao-sota.ts | darwin-MFC/lib/data/medicamentos/index.ts#medicamentosConsolidados | darwin-MFC/lib/data/medicamentos/index.ts#todosMedicamentos
med,adapaleno,2,Adapaleno,darwin-MFC/lib/data/medicamentos/expansao-dermatologia-adicional.ts | darwin-MFC/lib/data/medicamentos/expansao-dermatologico.ts | darwin-MFC/lib/data/medicamentos/index.ts#medicamentosConsolidados | darwin-MFC/lib/data/medicamentos/index.ts#todosMedicamentos
med,adenosina,2,Adenosina,darwin-MFC/lib/data/medicamentos/expansao-cardiovascular-final.ts | darwin-MFC/lib/data/medicamentos/expansao-emergencia.ts | darwin-MFC/lib/data/medicamentos/index.ts#medicamentosConsolidados | darwin-MFC/lib/data/medicamentos/index.ts#todosMedicamentos
med,alendronato,2,Alendronato de Sódio,darwin-MFC/lib/data/medicamentos/expansao-musculoesqueletico.ts | darwin-MFC/lib/data/medicamentos/expansao-reumatologia.ts | darwin-MFC/lib/data/medicamentos/index.ts#medicamentosConsolidados | darwin-MFC/lib/data/medicamentos/index.ts#todosMedicamentos
med,ambroxol,2,Ambroxol,darwin-MFC/lib/data/medicamentos/expansao-respiratorio.ts | darwin-MFC/lib/data/medicamentos/expansao-target-600.ts | darwin-MFC/lib/data/medicamentos/index.ts#medicamentosConsolidados | darwin-MFC/lib/data/medicamentos/index.ts#todosMedicamentos
med,amicacina,2,Amicacina,darwin-MFC/lib/data/medicamentos/expansao-antibioticos-final.ts | darwin-MFC/lib/data/medicamentos/expansao-antibioticos.ts | darwin-MFC/lib/data/medicamentos/index.ts#medicamentosConsolidados | darwin-MFC/lib/data/medicamentos/index.ts#todosMedicamentos
med,amiodarona,2,Amiodarona,darwin-MFC/lib/data/medicamentos/expansao-cardiovascular-completo.ts | darwin-MFC/lib/data/medicamentos/expansao-cardiovascular-final.ts | darwin-MFC/lib/data/medicamentos/index.ts#medicamentosConsolidados | darwin-MFC/lib/data/medicamentos/index.ts#todosMedicamentos
med,amoxicilina-clavulanato,2,Amoxicilina + Clavulanato,darwin-MFC/lib/data/medicamentos/expansao-600-complete.ts | darwin-MFC/lib/data/medicamentos/expansao-antibioticos.ts | darwin-MFC/lib/data/medicamentos/index.ts#medicamentosConsolidados | darwin-MFC/lib/data/medicamentos/index.ts#todosMedicamentos
med,aripiprazol,2,Aripiprazol,darwin-MFC/lib/data/medicamentos/expansao-final-complementar.ts | darwin-MFC/lib/data/medicamentos/expansao-neuropsiquiatrico.ts | darwin-MFC/lib/data/medicamentos/index.ts#medicamentosConsolidados | darwin-MFC/lib/data/medicamentos/index.ts#todosMedicamentos
med,atropina,2,Atropina,darwin-MFC/lib/data/medicamentos/expansao-cardiovascular-final.ts | darwin-MFC/lib/data/medicamentos/expansao-emergencia.ts | darwin-MFC/lib/data/medicamentos/index.ts#medicamentosConsolidados | darwin-MFC/lib/data/medicamentos/index.ts#todosMedicamentos
med,baclofeno,2,Baclofeno,darwin-MFC/lib/data/medicamentos/expansao-600-final.ts | darwin-MFC/lib/data/medicamentos/expansao-musculoesqueletico.ts | darwin-MFC/lib/data/medicamentos/index.ts#medicamentosConsolidados | darwin-MFC/lib/data/medicamentos/index.ts#todosMedicamentos
med,beclometasona,2,Beclometasona | Dipropionato de beclometasona,darwin-MFC/lib/data/medicamentos-expanded.ts | darwin-MFC/lib/data/medicamentos/diversos.ts | darwin-MFC/lib/data/medicamentos/index.ts#medicamentosConsolidados | darwin-MFC/lib/data/medicamentos/index.ts#medicamentosDiversos | darwin-MFC/lib/data/medicamentos/index.ts#medicamentosExpanded | darwin-MFC/lib/data/medicamentos/index.ts#todosMedicamentos
med,betaistina,2,Betaistina,darwin-MFC/lib/data/medicamentos/expansao-600-ultimo.ts | darwin-MFC/lib/data/medicamentos/expansao-otorrino.ts | darwin-MFC/lib/data/medicamentos/index.ts#medicamentosConsolidados | darwin-MFC/lib/data/medicamentos/index.ts#todosMedicamentos
med,betametasona-topica,2,Betametasona | Betametasona Tópica,darwin-MFC/lib/data/medicamentos/expansao-600-ultimo.ts | darwin-MFC/lib/data/medicamentos/expansao-dermatologico.ts | darwin-MFC/lib/data/medicamentos/index.ts#medicamentosConsolidados | darwin-MFC/lib/data/medicamentos/index.ts#todosMedicamentos
med,bilastina,2,Bilastina,darwin-MFC/lib/data/medicamentos/expansao-final-complementar.ts | darwin-MFC/lib/data/medicamentos/expansao-target-600.ts | darwin-MFC/lib/data/medicamentos/index.ts#medicamentosConsolidados | darwin-MFC/lib/data/medicamentos/index.ts#todosMedicamentos
med,bromoprida,2,Bromoprida,darwin-MFC/lib/data/medicamentos/expansao-final-complementar.ts | darwin-MFC/lib/data/medicamentos/expansao-target-600.ts | darwin-MFC/lib/data/medicamentos/index.ts#medicamentosConsolidados | darwin-MFC/lib/data/medicamentos/index.ts#todosMedicamentos
med,budesonida-formoterol,2,Budesonida + Formoterol,darwin-MFC/lib/data/medicamentos/expansao-600-final.ts | darwin-MFC/lib/data/medicamentos/expansao-respiratorio.ts | darwin-MFC/lib/data/medicamentos/index.ts#medicamentosConsolidados | darwin-MFC/lib/data/medicamentos/index.ts#todosMedicamentos
med,budesonida-inalatorio,2,Budesonida,darwin-MFC/lib/data/medicamentos/expansao-600-final.ts | darwin-MFC/lib/data/medicamentos/expansao-respiratorio.ts | darwin-MFC/lib/data/medicamentos/index.ts#medicamentosConsolidados | darwin-MFC/lib/data/medicamentos/index.ts#todosMedicamentos
med,buprenorfina,2,Buprenorfina,darwin-MFC/lib/data/medicamentos/expansao-cardiovascular-final.ts | darwin-MFC/lib/data/medicamentos/expansao-psiquiatria-adicional.ts | darwin-MFC/lib/data/medicamentos/index.ts#medicamentosConsolidados | darwin-MFC/lib/data/medicamentos/index.ts#todosMedicamentos
med,carisoprodol,2,Carisoprodol,darwin-MFC/lib/data/medicamentos/expansao-600-final.ts | darwin-MFC/lib/data/medicamentos/expansao-musculoesqueletico.ts | darwin-MFC/lib/data/medicamentos/index.ts#medicamentosConsolidados | darwin-MFC/lib/data/medicamentos/index.ts#todosMedicamentos
med,cetirizina,2,Cetirizina | Dicloridrato de cetirizina,darwin-MFC/lib/data/medicamentos/complementares.ts | darwin-MFC/lib/data/medicamentos/expansao-sota-final.ts | darwin-MFC/lib/data/medicamentos/index.ts#medicamentosComplementares | darwin-MFC/lib/data/medicamentos/index.ts#medicamentosConsolidados | darwin-MFC/lib/data/medicamentos/index.ts#todosMedicamentos
med,cetoconazol-topico,2,Cetoconazol | Cetoconazol Tópico,darwin-MFC/lib/data/medicamentos/expansao-dermatologia-adicional.ts | darwin-MFC/lib/data/medicamentos/expansao-dermatologico.ts | darwin-MFC/lib/data/medicamentos/index.ts#medicamentosConsolidados | darwin-MFC/lib/data/medicamentos/index.ts#todosMedicamentos
med,cianocobalamina,2,Cianocobalamina (B12) | Cianocobalamina (Vitamina B12),darwin-MFC/lib/data/medicamentos/expansao-diversos-final.ts | darwin-MFC/lib/data/medicamentos/expansao-ultima.ts | darwin-MFC/lib/data/medicamentos/index.ts#medicamentosConsolidados | darwin-MFC/lib/data/medicamentos/index.ts#todosMedicamentos
med,ciclobenzaprina,2,Ciclobenzaprina,darwin-MFC/lib/data/medicamentos/expansao-600-final.ts | darwin-MFC/lib/data/medicamentos/expansao-musculoesqueletico.ts | darwin-MFC/lib/data/medicamentos/index.ts#medicamentosConsolidados | darwin-MFC/lib/data/medicamentos/index.ts#todosMedicamentos
med,ciprofloxacino,2,Ciprofloxacino,darwin-MFC/lib/data/medicamentos/antibioticos.ts | darwin-MFC/lib/data/medicamentos/expansao-ultima.ts | darwin-MFC/lib/data/medicamentos/index.ts#antibioticos | darwin-MFC/lib/data/medicamentos/index.ts#medicamentosConsolidados | darwin-MFC/lib/data/medicamentos/index.ts#todosMedicamentos
med,clomifeno,2,Citrato de Clomifeno | Citrato de clomifeno,darwin-MFC/lib/data/medicamentos/complementares.ts | darwin-MFC/lib/data/medicamentos/expansao-ginecologia.ts | darwin-MFC/lib/data/medicamentos/index.ts#medicamentosComplementares | darwin-MFC/lib/data/medicamentos/index.ts#medicamentosConsolidados | darwin-MFC/lib/data/medicamentos/index.ts#todosMedicamentos
med,clonidina,2,Clonidina,darwin-MFC/lib/data/medicamentos/expansao-final-batch.ts | darwin-MFC/lib/data/medicamentos/expansao-final-complementar.ts | darwin-MFC/lib/data/medicamentos/index.ts#medicamentosConsolidados | darwin-MFC/lib/data/medicamentos/index.ts#todosMedicamentos
med,clotrimazol-topico,2,Clotrimazol,darwin-MFC/lib/data/medicamentos/expansao-dermatologia-adicional.ts | darwin-MFC/lib/data/medicamentos/expansao-target-600.ts | darwin-MFC/lib/data/medicamentos/index.ts#medicamentosConsolidados | darwin-MFC/lib/data/medicamentos/index.ts#todosMedicamentos
med,codeina-antitussigeno,2,Codeína | Codeína (antitussígeno),darwin-MFC/lib/data/medicamentos/expansao-otorrino.ts | darwin-MFC/lib/data/medicamentos/expansao-target-600.ts | darwin-MFC/lib/data/medicamentos/index.ts#medicamentosConsolidados | darwin-MFC/lib/data/medicamentos/index.ts#todosMedicamentos
med,colecalciferol,2,Colecalciferol (Vitamina D3),darwin-MFC/lib/data/medicamentos/expansao-diversos-final.ts | darwin-MFC/lib/data/medicamentos/expansao-ultima.ts | darwin-MFC/lib/data/medicamentos/index.ts#medicamentosConsolidados | darwin-MFC/lib/data/medicamentos/index.ts#todosMedicamentos
med,dapagliflozina,2,Dapagliflozina,darwin-MFC/lib/data/medicamentos/expansao-endocrino-adicional.ts | darwin-MFC/lib/data/medicamentos/expansao-metabolico-endocrino.ts | darwin-MFC/lib/data/medicamentos/index.ts#medicamentosConsolidados | darwin-MFC/lib/data/medicamentos/index.ts#todosMedicamentos
med,diclofenaco,2,Diclofenaco | Diclofenaco sódico,darwin-MFC/lib/data/medicamentos/analgesicos-aines.ts | darwin-MFC/lib/data/medicamentos/expansao-ultima.ts | darwin-MFC/lib/data/medicamentos/index.ts#analgesicosAines | darwin-MFC/lib/data/medicamentos/index.ts#medicamentosConsolidados | darwin-MFC/lib/data/medicamentos/index.ts#todosMedicamentos
med,digoxina,2,Digoxina,darwin-MFC/lib/data/medicamentos/cardiovasculares.ts | darwin-MFC/lib/data/medicamentos/expansao-cardiovascular-completo.ts | darwin-MFC/lib/data/medicamentos/expansao-final-batch.ts | darwin-MFC/lib/data/medicamentos/index.ts#medicamentosConsolidados | darwin-MFC/lib/data/medicamentos/index.ts#todosMedicamentos
med,diltiazem,2,Diltiazem,darwin-MFC/lib/data/medicamentos/expansao-cardiovascular-completo.ts | darwin-MFC/lib/data/medicamentos/expansao-final-batch.ts | darwin-MFC/lib/data/medicamentos/index.ts#medicamentosConsolidados | darwin-MFC/lib/data/medicamentos/index.ts#todosMedicamentos
med,dimenidrinato,2,Dimenidrinato,darwin-MFC/lib/data/medicamentos/expansao-target-600.ts | darwin-MFC/lib/data/medicamentos/expansao-ultima.ts | darwin-MFC/lib/data/medicamentos/index.ts#medicamentosConsolidados | darwin-MFC/lib/data/medicamentos/index.ts#todosMedicamentos
med,dobutamina,2,Dobutamina,darwin-MFC/lib/data/medicamentos/expansao-cardiovascular-final.ts | darwin-MFC/lib/data/medicamentos/expansao-emergencia.ts | darwin-MFC/lib/data/medicamentos/index.ts#medicamentosConsolidados | darwin-MFC/lib/data/medicamentos/index.ts#todosMedicamentos
med,dopamina,2,Dopamina,darwin-MFC/lib/data/medicamentos/expansao-cardiovascular-final.ts | darwin-MFC/lib/data/medicamentos/expansao-emergencia.ts | darwin-MFC/lib/data/medicamentos/index.ts#medicamentosConsolidados | darwin-MFC/lib/data/medicamentos/index.ts#todosMedicamentos
med,dorzolamida,2,Dorzolamida,darwin-MFC/lib/data/medicamentos/expansao-final-complementar.ts | darwin-MFC/lib/data/medicamentos/expansao-target-600.ts | darwin-MFC/lib/data/medicamentos/index.ts#medicamentosConsolidados | darwin-MFC/lib/data/medicamentos/index.ts#todosMedicamentos
med,duloxetina,2,Duloxetina,darwin-MFC/lib/data/medicamentos/expansao-neuropsiquiatrico.ts | darwin-MFC/lib/data/medicamentos/expansao-psiquiatria-adicional.ts | darwin-MFC/lib/data/medicamentos/index.ts#medicamentosConsolidados | darwin-MFC/lib/data/medicamentos/index.ts#todosMedicamentos
med,empagliflozina,2,Empagliflozina,darwin-MFC/lib/data/medicamentos/expansao-endocrino-adicional.ts | darwin-MFC/lib/data/medicamentos/expansao-metabolico-endocrino.ts | darwin-MFC/lib/data/medicamentos/index.ts#medicamentosConsolidados | darwin-MFC/lib/data/medicamentos/index.ts#todosMedicamentos
med,eritropoetina-alfa,2,Eritropoetina Alfa,darwin-MFC/lib/data/medicamentos/expansao-diversos-final.ts | darwin-MFC/lib/data/medicamentos/expansao-hematologia.ts | darwin-MFC/lib/data/medicamentos/index.ts#medicamentosConsolidados | darwin-MFC/lib/data/medicamentos/index.ts#todosMedicamentos
med,ertapenem,2,Ertapenem,darwin-MFC/lib/data/medicamentos/expansao-antibioticos-final.ts | darwin-MFC/lib/data/medicamentos/expansao-antibioticos.ts | darwin-MFC/lib/data/medicamentos/index.ts#medicamentosConsolidados | darwin-MFC/lib/data/medicamentos/index.ts#todosMedicamentos
med,escitalopram,2,Escitalopram,darwin-MFC/lib/data/medicamentos/expansao-final-complementar.ts | darwin-MFC/lib/data/medicamentos/expansao-neuropsiquiatrico.ts | darwin-MFC/lib/data/medicamentos/index.ts#medicamentosConsolidados | darwin-MFC/lib/data/medicamentos/index.ts#todosMedicamentos | darwin-MFC/lib/data/medicamentos/psicotropicos.ts
med,esomeprazol,2,Esomeprazol,darwin-MFC/lib/data/medicamentos/expansao-600-final.ts | darwin-MFC/lib/data/medicamentos/expansao-gastrointestinal.ts | darwin-MFC/lib/data/medicamentos/index.ts#medicamentosConsolidados | darwin-MFC/lib/data/medicamentos/index.ts#todosMedicamentos
med,espironolactona,2,Espironolactona,darwin-MFC/lib/data/medicamentos/cardiovasculares.ts | darwin-MFC/lib/data/medicamentos/diversos.ts | darwin-MFC/lib/data/medicamentos/expansao-ultima.ts | darwin-MFC/lib/data/medicamentos/index.ts#medicamentosConsolidados | darwin-MFC/lib/data/medicamentos/index.ts#medicamentosDiversos | darwin-MFC/lib/data/medicamentos/index.ts#todosMedicamentos
med,fenobarbital,2,Fenobarbital | Fenobarbital sódico,darwin-MFC/lib/data/medicamentos/complementares.ts | darwin-MFC/lib/data/medicamentos/expansao-ultima.ts | darwin-MFC/lib/data/medicamentos/index.ts#medicamentosComplementares | darwin-MFC/lib/data/medicamentos/index.ts#medicamentosConsolidados | darwin-MFC/lib/data/medicamentos/index.ts#todosMedicamentos
med,fentanil,2,Fentanil,darwin-MFC/lib/data/medicamentos/expansao-cardiovascular-final.ts | darwin-MFC/lib/data/medicamentos/expansao-emergencia.ts | darwin-MFC/lib/data/medicamentos/index.ts#medicamentosConsolidados | darwin-MFC/lib/data/medicamentos/index.ts#todosMedicamentos
med,ferro-sulfato,2,Sulfato Ferroso,darwin-MFC/lib/data/medicamentos/expansao-diversos-final.ts | darwin-MFC/lib/data/medicamentos/expansao-ultima.ts | darwin-MFC/lib/data/medicamentos/index.ts#medicamentosConsolidados | darwin-MFC/lib/data/medicamentos/index.ts#todosMedicamentos
med,fluconazol,2,Fluconazol,darwin-MFC/lib/data/medicamentos/expansao-sota.ts | darwin-MFC/lib/data/medicamentos/expansao-ultima.ts | darwin-MFC/lib/data/medicamentos/index.ts#medicamentosConsolidados | darwin-MFC/lib/data/medicamentos/index.ts#todosMedicamentos
med,flumazenil,2,Flumazenil,darwin-MFC/lib/data/medicamentos/expansao-cardiovascular-final.ts | darwin-MFC/lib/data/medicamentos/expansao-emergencia.ts | darwin-MFC/lib/data/medicamentos/index.ts#medicamentosConsolidados | darwin-MFC/lib/data/medicamentos/index.ts#todosMedicamentos
med,fluticasona,2,Fluticasona,darwin-MFC/lib/data/medicamentos/expansao-600-final.ts | darwin-MFC/lib/data/medicamentos/expansao-respiratorio.ts | darwin-MFC/lib/data/medicamentos/index.ts#medicamentosConsolidados | darwin-MFC/lib/data/medicamentos/index.ts#todosMedicamentos
med,formoterol,2,Formoterol,darwin-MFC/lib/data/medicamentos/expansao-600-final.ts | darwin-MFC/lib/data/medicamentos/expansao-respiratorio.ts | darwin-MFC/lib/data/medicamentos/index.ts#medicamentosConsolidados | darwin-MFC/lib/data/medicamentos/index.ts#todosMedicamentos
med,fosfomicina,2,Fosfomicina | Fosfomicina Trometamol,darwin-MFC/lib/data/medicamentos/expansao-antibioticos.ts | darwin-MFC/lib/data/medicamentos/expansao-urologico.ts | darwin-MFC/lib/data/medicamentos/index.ts#medicamentosConsolidados | darwin-MFC/lib/data/medicamentos/index.ts#todosMedicamentos
med,furosemida,2,Furosemida,darwin-MFC/lib/data/medicamentos/cardiovasculares.ts | darwin-MFC/lib/data/medicamentos/diversos.ts | darwin-MFC/lib/data/medicamentos/expansao-600-final.ts | darwin-MFC/lib/data/medicamentos/index.ts#medicamentosConsolidados | darwin-MFC/lib/data/medicamentos/index.ts#medicamentosDiversos | darwin-MFC/lib/data/medicamentos/index.ts#todosMedicamentos
med,gabapentina,2,Gabapentina,darwin-MFC/lib/data/medicamentos/expansao-psiquiatria-adicional.ts | darwin-MFC/lib/data/medicamentos/expansao-ultima.ts | darwin-MFC/lib/data/medicamentos/index.ts#medicamentosConsolidados | darwin-MFC/lib/data/medicamentos/index.ts#todosMedicamentos
med,gluconato-calcio,2,Gluconato de Cálcio,darwin-MFC/lib/data/medicamentos/expansao-emergencia.ts | darwin-MFC/lib/data/medicamentos/expansao-target-600.ts | darwin-MFC/lib/data/medicamentos/index.ts#medicamentosConsolidados | darwin-MFC/lib/data/medicamentos/index.ts#todosMedicamentos
med,haloperidol,2,Haloperidol,darwin-MFC/lib/data/medicamentos/expansao-ultima.ts | darwin-MFC/lib/data/medicamentos/index.ts#medicamentosConsolidados | darwin-MFC/lib/data/medicamentos/index.ts#psicofarmacos | darwin-MFC/lib/data/medicamentos/index.ts#todosMedicamentos | darwin-MFC/lib/data/medicamentos/psicofarmacos.ts | darwin-MFC/lib/data/medicamentos/psicotropicos.ts
med,heparina-nao-fracionada,2,Heparina Não Fracionada,darwin-MFC/lib/data/medicamentos/expansao-600-final.ts | darwin-MFC/lib/data/medicamentos/expansao-hematologia.ts | darwin-MFC/lib/data/medicamentos/index.ts#medicamentosConsolidados | darwin-MFC/lib/data/medicamentos/index.ts#todosMedicamentos
med,hidralazina,2,Hidralazina,darwin-MFC/lib/data/medicamentos/expansao-final-batch.ts | darwin-MFC/lib/data/medicamentos/expansao-final-complementar.ts | darwin-MFC/lib/data/medicamentos/index.ts#medicamentosConsolidados | darwin-MFC/lib/data/medicamentos/index.ts#todosMedicamentos
med,indapamida,2,Indapamida,darwin-MFC/lib/data/medicamentos/expansao-600-final.ts | darwin-MFC/lib/data/medicamentos/expansao-cardiovascular-completo.ts | darwin-MFC/lib/data/medicamentos/index.ts#medicamentosConsolidados | darwin-MFC/lib/data/medicamentos/index.ts#todosMedicamentos
med,insulina-aspart,2,Insulina Aspart,darwin-MFC/lib/data/medicamentos/expansao-endocrino-adicional.ts | darwin-MFC/lib/data/medicamentos/expansao-final-batch.ts | darwin-MFC/lib/data/medicamentos/index.ts#medicamentosConsolidados | darwin-MFC/lib/data/medicamentos/index.ts#todosMedicamentos
med,ivermectina,2,Ivermectina,darwin-MFC/lib/data/medicamentos/complementares.ts | darwin-MFC/lib/data/medicamentos/expansao-final-batch.ts | darwin-MFC/lib/data/medicamentos/index.ts#medicamentosComplementares | darwin-MFC/lib/data/medicamentos/index.ts#medicamentosConsolidados | darwin-MFC/lib/data/medicamentos/index.ts#todosMedicamentos
med,ivermectina-topica,2,Ivermectina | Ivermectina Tópica,darwin-MFC/lib/data/medicamentos/expansao-dermatologia-adicional.ts | darwin-MFC/lib/data/medicamentos/expansao-dermatologico.ts | darwin-MFC/lib/data/medicamentos/index.ts#medicamentosConsolidados | darwin-MFC/lib/data/medicamentos/index.ts#todosMedicamentos
med,ketamina,2,Cetamina (Ketamina) | Ketamina,darwin-MFC/lib/data/medicamentos/expansao-cardiovascular-final.ts | darwin-MFC/lib/data/medicamentos/expansao-emergencia.ts | darwin-MFC/lib/data/medicamentos/index.ts#medicamentosConsolidados | darwin-MFC/lib/data/medicamentos/index.ts#todosMedicamentos
med,lamotrigina,2,Lamotrigina,darwin-MFC/lib/data/medicamentos/expansao-final-complementar.ts | darwin-MFC/lib/data/medicamentos/expansao-neuropsiquiatrico.ts | darwin-MFC/lib/data/medicamentos/index.ts#medicamentosConsolidados | darwin-MFC/lib/data/medicamentos/index.ts#todosMedicamentos
med,latanoprosta,2,Latanoprosta,darwin-MFC/lib/data/medicamentos/expansao-final-complementar.ts | darwin-MFC/lib/data/medicamentos/expansao-oftalmologico.ts | darwin-MFC/lib/data/medicamentos/index.ts#medicamentosConsolidados | darwin-MFC/lib/data/medicamentos/index.ts#todosMedicamentos
med,leflunomida,2,Leflunomida,darwin-MFC/lib/data/medicamentos/expansao-musculoesqueletico.ts | darwin-MFC/lib/data/medicamentos/expansao-reumatologia.ts | darwin-MFC/lib/data/medicamentos/index.ts#medicamentosConsolidados | darwin-MFC/lib/data/medicamentos/index.ts#todosMedicamentos
med,levodopa-carbidopa,2,Levodopa + Carbidopa,darwin-MFC/lib/data/medicamentos/expansao-diversos-final.ts | darwin-MFC/lib/data/medicamentos/expansao-neuropsiquiatrico.ts | darwin-MFC/lib/data/medicamentos/index.ts#medicamentosConsolidados | darwin-MFC/lib/data/medicamentos/index.ts#todosMedicamentos
med,loperamida,2,Loperamida,darwin-MFC/lib/data/medicamentos/expansao-gastrointestinal.ts | darwin-MFC/lib/data/medicamentos/expansao-target-600.ts | darwin-MFC/lib/data/medicamentos/gastro-metabolicos.ts | darwin-MFC/lib/data/medicamentos/index.ts#medicamentosConsolidados | darwin-MFC/lib/data/medicamentos/index.ts#todosMedicamentos
med,mebendazol,2,Mebendazol,darwin-MFC/lib/data/medicamentos/expansao-final-batch.ts | darwin-MFC/lib/data/medicamentos/expansao-ultima.ts | darwin-MFC/lib/data/medicamentos/index.ts#medicamentosConsolidados | darwin-MFC/lib/data/medicamentos/index.ts#todosMedicamentos
med,meclizina,2,Meclizina,darwin-MFC/lib/data/medicamentos/expansao-otorrino.ts | darwin-MFC/lib/data/medicamentos/expansao-ultima.ts | darwin-MFC/lib/data/medicamentos/index.ts#medicamentosConsolidados | darwin-MFC/lib/data/medicamentos/index.ts#todosMedicamentos
med,meropenem,2,Meropenem,darwin-MFC/lib/data/medicamentos/expansao-antibioticos-final.ts | darwin-MFC/lib/data/medicamentos/expansao-antibioticos.ts | darwin-MFC/lib/data/medicamentos/index.ts#medicamentosConsolidados | darwin-MFC/lib/data/medicamentos/index.ts#todosMedicamentos
med,metadona,2,Metadona,darwin-MFC/lib/data/medicamentos/expansao-cardiovascular-final.ts | darwin-MFC/lib/data/medicamentos/expansao-psiquiatria-adicional.ts | darwin-MFC/lib/data/medicamentos/index.ts#medicamentosConsolidados | darwin-MFC/lib/data/medicamentos/index.ts#todosMedicamentos
med,metimazol,2,Metimazol | Metimazol (Tiamazol),darwin-MFC/lib/data/medicamentos/expansao-endocrino-adicional.ts | darwin-MFC/lib/data/medicamentos/expansao-metabolico-endocrino.ts | darwin-MFC/lib/data/medicamentos/index.ts#medicamentosConsolidados | darwin-MFC/lib/data/medicamentos/index.ts#todosMedicamentos
med,metotrexato-reumatologia,2,Metotrexato,darwin-MFC/lib/data/medicamentos/expansao-musculoesqueletico.ts | darwin-MFC/lib/data/medicamentos/expansao-reumatologia.ts | darwin-MFC/lib/data/medicamentos/index.ts#medicamentosConsolidados | darwin-MFC/lib/data/medicamentos/index.ts#todosMedicamentos
med,metronidazol,2,Metronidazol,darwin-MFC/lib/data/medicamentos/antibioticos.ts | darwin-MFC/lib/data/medicamentos/expansao-ultima.ts | darwin-MFC/lib/data/medicamentos/index.ts#antibioticos | darwin-MFC/lib/data/medicamentos/index.ts#medicamentosConsolidados | darwin-MFC/lib/data/medicamentos/index.ts#todosMedicamentos
med,midazolam,2,Midazolam,darwin-MFC/lib/data/medicamentos/expansao-cardiovascular-final.ts | darwin-MFC/lib/data/medicamentos/expansao-emergencia.ts | darwin-MFC/lib/data/medicamentos/index.ts#medicamentosConsolidados | darwin-MFC/lib/data/medicamentos/index.ts#todosMedicamentos
med,mometasona-nasal,2,Furoato de Mometasona Nasal | Mometasona Nasal,darwin-MFC/lib/data/medicamentos/expansao-otorrino.ts | darwin-MFC/lib/data/medicamentos/expansao-respiratorio.ts | darwin-MFC/lib/data/medicamentos/index.ts#medicamentosConsolidados | darwin-MFC/lib/data/medicamentos/index.ts#todosMedicamentos
med,morfina,2,Morfina | Sulfato de morfina,darwin-MFC/lib/data/medicamentos/analgesicos-aines.ts | darwin-MFC/lib/data/medicamentos/expansao-cardiovascular-final.ts | darwin-MFC/lib/data/medicamentos/index.ts#analgesicosAines | darwin-MFC/lib/data/medicamentos/index.ts#medicamentosConsolidados | darwin-MFC/lib/data/medicamentos/index.ts#todosMedicamentos
med,mupirocina,2,Mupirocina,darwin-MFC/lib/data/medicamentos/expansao-dermatologia-adicional.ts | darwin-MFC/lib/data/medicamentos/expansao-dermatologico.ts | darwin-MFC/lib/data/medicamentos/index.ts#medicamentosConsolidados | darwin-MFC/lib/data/medicamentos/index.ts#todosMedicamentos
med,naloxona,2,Naloxona,darwin-MFC/lib/data/medicamentos/expansao-cardiovascular-final.ts | darwin-MFC/lib/data/medicamentos/expansao-emergencia.ts | darwin-MFC/lib/data/medicamentos/index.ts#medicamentosConsolidados | darwin-MFC/lib/data/medicamentos/index.ts#todosMedicamentos
med,norepinefrina,2,Norepinefrina | Norepinefrina (Noradrenalina),darwin-MFC/lib/data/medicamentos/expansao-cardiovascular-final.ts | darwin-MFC/lib/data/medicamentos/expansao-emergencia.ts | darwin-MFC/lib/data/medicamentos/index.ts#medicamentosConsolidados | darwin-MFC/lib/data/medicamentos/index.ts#todosMedicamentos
med,norfloxacino,2,Norfloxacino,darwin-MFC/lib/data/medicamentos/expansao-600-complete.ts | darwin-MFC/lib/data/medicamentos/expansao-antibioticos.ts | darwin-MFC/lib/data/medicamentos/index.ts#medicamentosConsolidados | darwin-MFC/lib/data/medicamentos/index.ts#todosMedicamentos
med,octreotida,2,Octreotida,darwin-MFC/lib/data/medicamentos/expansao-endocrino-adicional.ts | darwin-MFC/lib/data/medicamentos/expansao-oncologia-suporte.ts | darwin-MFC/lib/data/medicamentos/index.ts#medicamentosConsolidados | darwin-MFC/lib/data/medicamentos/index.ts#todosMedicamentos
med,orfenadrina,2,Orfenadrina,darwin-MFC/lib/data/medicamentos/expansao-600-final.ts | darwin-MFC/lib/data/medicamentos/expansao-musculoesqueletico.ts | darwin-MFC/lib/data/medicamentos/index.ts#medicamentosConsolidados | darwin-MFC/lib/data/medicamentos/index.ts#todosMedicamentos
med,orlistate,2,Orlistate,darwin-MFC/lib/data/medicamentos/expansao-endocrino-adicional.ts | darwin-MFC/lib/data/medicamentos/expansao-metabolico-endocrino.ts | darwin-MFC/lib/data/medicamentos/index.ts#medicamentosConsolidados | darwin-MFC/lib/data/medicamentos/index.ts#todosMedicamentos
med,oxibutinina,2,Oxibutinina,darwin-MFC/lib/data/medicamentos/expansao-600-ultimo.ts | darwin-MFC/lib/data/medicamentos/expansao-urologico.ts | darwin-MFC/lib/data/medicamentos/index.ts#medicamentosConsolidados | darwin-MFC/lib/data/medicamentos/index.ts#todosMedicamentos
med,oximetazolina-nasal,2,Oximetazolina | Oximetazolina Nasal,darwin-MFC/lib/data/medicamentos/expansao-otorrino.ts | darwin-MFC/lib/data/medicamentos/expansao-target-600.ts | darwin-MFC/lib/data/medicamentos/index.ts#medicamentosConsolidados | darwin-MFC/lib/data/medicamentos/index.ts#todosMedicamentos
med,permetrina,2,Permetrina,darwin-MFC/lib/data/medicamentos/expansao-dermatologia-adicional.ts | darwin-MFC/lib/data/medicamentos/expansao-dermatologico.ts | darwin-MFC/lib/data/medicamentos/index.ts#medicamentosConsolidados | darwin-MFC/lib/data/medicamentos/index.ts#todosMedicamentos
med,pramipexol,2,Pramipexol,darwin-MFC/lib/data/medicamentos/expansao-diversos-final.ts | darwin-MFC/lib/data/medicamentos/expansao-neuropsiquiatrico.ts | darwin-MFC/lib/data/medicamentos/index.ts#medicamentosConsolidados | darwin-MFC/lib/data/medicamentos/index.ts#todosMedicamentos
med,prednisolona,2,Prednisolona,darwin-MFC/lib/data/medicamentos/complementares.ts | darwin-MFC/lib/data/medicamentos/expansao-metabolico-endocrino.ts | darwin-MFC/lib/data/medicamentos/index.ts#medicamentosComplementares | darwin-MFC/lib/data/medicamentos/index.ts#medicamentosConsolidados | darwin-MFC/lib/data/medicamentos/index.ts#todosMedicamentos
med,progesterona-micronizada,2,Progesterona Micronizada,darwin-MFC/lib/data/medicamentos/expansao-final-complementar.ts | darwin-MFC/lib/data/medicamentos/expansao-ginecologia.ts | darwin-MFC/lib/data/medicamentos/index.ts#medicamentosConsolidados | darwin-MFC/lib/data/medicamentos/index.ts#todosMedicamentos
med,propiltiouracil,2,Propiltiouracil | Propiltiouracil (PTU),darwin-MFC/lib/data/medicamentos/expansao-endocrino-adicional.ts | darwin-MFC/lib/data/medicamentos/expansao-metabolico-endocrino.ts | darwin-MFC/lib/data/medicamentos/index.ts#medicamentosConsolidados | darwin-MFC/lib/data/medicamentos/index.ts#todosMedicamentos
med,propofol,2,Propofol,darwin-MFC/lib/data/medicamentos/expansao-cardiovascular-final.ts | darwin-MFC/lib/data/medicamentos/expansao-emergencia.ts | darwin-MFC/lib/data/medicamentos/index.ts#medicamentosConsolidados | darwin-MFC/lib/data/medicamentos/index.ts#todosMedicamentos
med,racecadotrila,2,Racecadotrila,darwin-MFC/lib/data/medicamentos/expansao-gastrointestinal.ts | darwin-MFC/lib/data/medicamentos/expansao-target-600.ts | darwin-MFC/lib/data/medicamentos/index.ts#medicamentosConsolidados | darwin-MFC/lib/data/medicamentos/index.ts#todosMedicamentos
med,risedronato,2,Risedronato de Sódio,darwin-MFC/lib/data/medicamentos/expansao-musculoesqueletico.ts | darwin-MFC/lib/data/medicamentos/expansao-reumatologia.ts | darwin-MFC/lib/data/medicamentos/index.ts#medicamentosConsolidados | darwin-MFC/lib/data/medicamentos/index.ts#todosMedicamentos
med,rupatadina,2,Rupatadina,darwin-MFC/lib/data/medicamentos/expansao-final-complementar.ts | darwin-MFC/lib/data/medicamentos/expansao-target-600.ts | darwin-MFC/lib/data/medicamentos/index.ts#medicamentosConsolidados | darwin-MFC/lib/data/medicamentos/index.ts#todosMedicamentos
med,sitagliptina,2,Sitagliptina,darwin-MFC/lib/data/medicamentos/expansao-endocrino-adicional.ts | darwin-MFC/lib/data/medicamentos/expansao-metabolico-endocrino.ts | darwin-MFC/lib/data/medicamentos/index.ts#medicamentosConsolidados | darwin-MFC/lib/data/medicamentos/index.ts#todosMedicamentos
med,sucralfato,2,Sucralfato,darwin-MFC/lib/data/medicamentos/expansao-final-batch.ts | darwin-MFC/lib/data/medicamentos/expansao-gastrointestinal.ts | darwin-MFC/lib/data/medicamentos/index.ts#medicamentosConsolidados | darwin-MFC/lib/data/medicamentos/index.ts#todosMedicamentos
med,sulfassalazina,2,Sulfassalazina,darwin-MFC/lib/data/medicamentos/expansao-gastrointestinal.ts | darwin-MFC/lib/data/medicamentos/expansao-reumatologia.ts | darwin-MFC/lib/data/medicamentos/index.ts#medicamentosConsolidados | darwin-MFC/lib/data/medicamentos/index.ts#todosMedicamentos
med,teicoplanina,2,Teicoplanina,darwin-MFC/lib/data/medicamentos/expansao-antibioticos-final.ts | darwin-MFC/lib/data/medicamentos/expansao-antibioticos.ts | darwin-MFC/lib/data/medicamentos/index.ts#medicamentosConsolidados | darwin-MFC/lib/data/medicamentos/index.ts#todosMedicamentos
med,terbinafina,2,Terbinafina,darwin-MFC/lib/data/medicamentos/expansao-600-complete.ts | darwin-MFC/lib/data/medicamentos/expansao-ultima.ts | darwin-MFC/lib/data/medicamentos/index.ts#medicamentosConsolidados | darwin-MFC/lib/data/medicamentos/index.ts#todosMedicamentos
med,terbinafina-topica,2,Terbinafina | Terbinafina Tópica,darwin-MFC/lib/data/medicamentos/expansao-dermatologia-adicional.ts | darwin-MFC/lib/data/medicamentos/expansao-dermatologico.ts | darwin-MFC/lib/data/medicamentos/index.ts#medicamentosConsolidados | darwin-MFC/lib/data/medicamentos/index.ts#todosMedicamentos
med,tiamina,2,Cloridrato de tiamina (Vitamina B1) | Tiamina (Vitamina B1),darwin-MFC/lib/data/medicamentos/complementares.ts | darwin-MFC/lib/data/medicamentos/expansao-diversos-final.ts | darwin-MFC/lib/data/medicamentos/index.ts#medicamentosComplementares | darwin-MFC/lib/data/medicamentos/index.ts#medicamentosConsolidados | darwin-MFC/lib/data/medicamentos/index.ts#todosMedicamentos
med,ticagrelor,2,Ticagrelor,darwin-MFC/lib/data/medicamentos/expansao-cardiovascular-completo.ts | darwin-MFC/lib/data/medicamentos/expansao-hematologia.ts | darwin-MFC/lib/data/medicamentos/index.ts#medicamentosConsolidados | darwin-MFC/lib/data/medicamentos/index.ts#todosMedicamentos
med,timolol-colirio,2,Timolol | Timolol Colírio,darwin-MFC/lib/data/medicamentos/expansao-final-complementar.ts | darwin-MFC/lib/data/medicamentos/expansao-oftalmologico.ts | darwin-MFC/lib/data/medicamentos/index.ts#medicamentosConsolidados | darwin-MFC/lib/data/medicamentos/index.ts#todosMedicamentos
med,tizanidina,2,Tizanidina,darwin-MFC/lib/data/medicamentos/expansao-600-final.ts | darwin-MFC/lib/data/medicamentos/expansao-musculoesqueletico.ts | darwin-MFC/lib/data/medicamentos/index.ts#medicamentosConsolidados | darwin-MFC/lib/data/medicamentos/index.ts#todosMedicamentos
med,tretinoina-topica,2,Tretinoína | Tretinoína Tópica,darwin-MFC/lib/data/medicamentos/expansao-dermatologia-adicional.ts | darwin-MFC/lib/data/medicamentos/expansao-dermatologico.ts | darwin-MFC/lib/data/medicamentos/index.ts#medicamentosConsolidados | darwin-MFC/lib/data/medicamentos/index.ts#todosMedicamentos
med,valproato-sodio,2,Valproato de Sódio,darwin-MFC/lib/data/medicamentos/expansao-neuropsiquiatrico.ts | darwin-MFC/lib/data/medicamentos/expansao-ultima.ts | darwin-MFC/lib/data/medicamentos/index.ts#medicamentosConsolidados | darwin-MFC/lib/data/medicamentos/index.ts#todosMedicamentos
med,vancomicina,2,Vancomicina,darwin-MFC/lib/data/medicamentos/expansao-antibioticos-final.ts | darwin-MFC/lib/data/medicamentos/expansao-antibioticos.ts | darwin-MFC/lib/data/medicamentos/index.ts#medicamentosConsolidados | darwin-MFC/lib/data/medicamentos/index.ts#todosMedicamentos
med,varfarina,2,Varfarina | Varfarina sódica,darwin-MFC/lib/data/medicamentos/cardiovasculares.ts | darwin-MFC/lib/data/medicamentos/diversos.ts | darwin-MFC/lib/data/medicamentos/expansao-cardiovascular-completo.ts | darwin-MFC/lib/data/medicamentos/index.ts#medicamentosConsolidados | darwin-MFC/lib/data/medicamentos/index.ts#medicamentosDiversos | darwin-MFC/lib/data/medicamentos/index.ts#todosMedicamentos
med,vasopressina,2,Vasopressina,darwin-MFC/lib/data/medicamentos/expansao-cardiovascular-final.ts | darwin-MFC/lib/data/medicamentos/expansao-emergencia.ts | darwin-MFC/lib/data/medicamentos/index.ts#medicamentosConsolidados | darwin-MFC/lib/data/medicamentos/index.ts#todosMedicamentos
med,venlafaxina,2,Venlafaxina,darwin-MFC/lib/data/medicamentos/expansao-neuropsiquiatrico.ts | darwin-MFC/lib/data/medicamentos/expansao-psiquiatria-adicional.ts | darwin-MFC/lib/data/medicamentos/index.ts#medicamentosConsolidados | darwin-MFC/lib/data/medicamentos/index.ts#todosMedicamentos
med,verapamil,2,Verapamil,darwin-MFC/lib/data/medicamentos/expansao-cardiovascular-completo.ts | darwin-MFC/lib/data/medicamentos/expansao-final-batch.ts | darwin-MFC/lib/data/medicamentos/index.ts#medicamentosConsolidados | darwin-MFC/lib/data/medicamentos/index.ts#todosMedicamentos
med,vildagliptina,2,Vildagliptina,darwin-MFC/lib/data/medicamentos/expansao-endocrino-adicional.ts | darwin-MFC/lib/data/medicamentos/expansao-metabolico-endocrino.ts | darwin-MFC/lib/data/medicamentos/index.ts#medicamentosConsolidados | darwin-MFC/lib/data/medicamentos/index.ts#todosMedicamentos
med,zinco-sulfato,2,Sulfato de Zinco,darwin-MFC/lib/data/medicamentos/expansao-diversos-final.ts | darwin-MFC/lib/data/medicamentos/expansao-target-600.ts | darwin-MFC/lib/data/medicamentos/index.ts#medicamentosConsolidados | darwin-MFC/lib/data/medicamentos/index.ts#todosMedicamentos
med,zolpidem,2,Zolpidem,darwin-MFC/lib/data/medicamentos/expansao-600-ultimo.ts | darwin-MFC/lib/data/medicamentos/expansao-psiquiatria-adicional.ts | darwin-MFC/lib/data/medicamentos/index.ts#medicamentosConsolidados | darwin-MFC/lib/data/medicamentos/index.ts#todosMedicamentos
